{
	"Room": "All",
	"X": 72.71791666666687,
	"Y": 298.6064166666667,
	"Revealed Rooms": [
		"Ruins-001",
		"Ruins-002",
		"Snowdin-001"
	]
}