{
	"Room": "All",
	"X": -146.57374999999985,
	"Y": -34.81024999999994,
	"Revealed Rooms": [
		"Ruins-001",
		"Ruins-002",
		"Snowdin-001"
	]
}