{
	"Room": "All",
	"X": -26874.04941666666,
	"Y": -19933.001916666664,
	"Revealed Rooms": [
		"Ruins-001",
		"Ruins-002",
		"Snowdin-001"
	]
}