{
	"Room": "All",
	"X": 37.71791666666691,
	"Y": 278.18974999999995,
	"Revealed Rooms": [
		"Ruins-001",
		"Ruins-002",
		"Snowdin-001"
	]
}