{
	"Room": "All",
	"X": 0.17625000000013635,
	"Y": 209.81475000000006,
	"Revealed Rooms": [
		"Ruins-001",
		"Ruins-002",
		"Snowdin-001"
	]
}