{
	"Room": "All",
	"X": 155.67625000000024,
	"Y": 253.02308333333337,
	"Revealed Rooms": [
		"Ruins-001",
		"Ruins-002",
		"Snowdin-001"
	]
}