{
	"Room": "All",
	"X": -141.78208333333316,
	"Y": 92.06474999999995,
	"Revealed Rooms": [
		"Ruins-001",
		"Ruins-002",
		"Snowdin-001"
	]
}