{
	"Room": "All",
	"X": -423.54166666666674,
	"Y": -41.62500000000006,
	"Revealed Rooms": [
		"Ruins-001",
		"Ruins-002",
		"Snowdin-001"
	]
}