{
	"Room": "All",
	"X": 27.417000000000172,
	"Y": 108.69949999999997,
	"Revealed Rooms": [
		"Ruins-001",
		"Ruins-002",
		"Snowdin-001"
	]
}