{
	"Room": "All",
	"X": 23.426250000000152,
	"Y": 19.81475000000006,
	"Revealed Rooms": [
		"Ruins-001",
		"Ruins-002",
		"Snowdin-001"
	]
}