{
	"Room": "All",
	"X": 34.42625000000015,
	"Y": 181.81475000000006,
	"Revealed Rooms": [
		"Ruins-001",
		"Ruins-002",
		"Snowdin-001"
	]
}