{
	"Room": "All",
	"X": -233.57374999999985,
	"Y": 3.8147500000000605,
	"Revealed Rooms": [
		"Ruins-001",
		"Ruins-002",
		"Snowdin-001"
	]
}