{
	"Room": "All",
	"X": -202.83333333333346,
	"Y": 2.1666666666666634,
	"Revealed Rooms": [
		"Ruins-001",
		"Ruins-002",
		"Snowdin-001"
	]
}