{
	"Room": "All",
	"X": 32.41700000000017,
	"Y": 161.69949999999997,
	"Revealed Rooms": [
		"Ruins-001",
		"Ruins-002",
		"Snowdin-001"
	]
}