{
	"Room": "All",
	"X": -135.3333333333334,
	"Y": 87.33333333333326,
	"Revealed Rooms": [
		"Ruins-001",
		"Ruins-002",
		"Snowdin-001"
	]
}