{
	"Room": "All",
	"X": -258.0494166666665,
	"Y": 28.998083333333305,
	"Revealed Rooms": [
		"Ruins-001",
		"Ruins-002",
		"Snowdin-001"
	]
}