{
	"Room": "All",
	"X": 200.42625000000015,
	"Y": 3.8147500000000605,
	"Revealed Rooms": [
		"Ruins-001",
		"Ruins-002",
		"Snowdin-001"
	]
}