{
	"Room": "All",
	"X": 1.4170000000001792,
	"Y": 106.69949999999997,
	"Revealed Rooms": [
		"Ruins-001",
		"Ruins-002",
		"Snowdin-001"
	]
}