{
	"Room": "All",
	"X": 193.58333333333326,
	"Y": 411.49999999999994,
	"Revealed Rooms": [
		"Ruins-001",
		"Ruins-002",
		"Snowdin-001"
	]
}