{
	"Room": "All",
	"X": -171.57374999999985,
	"Y": -69.18524999999994,
	"Revealed Rooms": [
		"Ruins-001",
		"Ruins-002",
		"Snowdin-001"
	]
}