{
	"Room": "All",
	"X": -234.66666666666674,
	"Y": -50.12500000000006,
	"Revealed Rooms": [
		"Ruins-001",
		"Ruins-002",
		"Snowdin-001"
	]
}