{
	"Room": "All",
	"X": -157.16666666666674,
	"Y": 86.1666666666666,
	"Revealed Rooms": [
		"Ruins-001",
		"Ruins-002",
		"Snowdin-001"
	]
}