{
	"Room": "All",
	"X": -172.96041666666667,
	"Y": -26.808333333333465,
	"Revealed Rooms": [
		"Ruins-001",
		"Ruins-002",
		"Snowdin-001"
	]
}