{
	"Room": "All",
	"X": 45.18799999999998,
	"Y": 238.85150000000002,
	"Revealed Rooms": [
		"Ruins-001",
		"Ruins-002",
		"Snowdin-001"
	]
}