{
	"Room": "All",
	"X": -190.00208333333333,
	"Y": 16.387500000000003,
	"Revealed Rooms": [
		"Ruins-001",
		"Ruins-002",
		"Snowdin-001"
	]
}