{
	"Room": "All",
	"X": -171.29166666666674,
	"Y": 30.499999999999936,
	"Revealed Rooms": [
		"Ruins-001",
		"Ruins-002",
		"Snowdin-001"
	]
}