{
	"Room": "All",
	"X": -166.57374999999985,
	"Y": 9.81475000000006,
	"Revealed Rooms": [
		"Ruins-001",
		"Ruins-002",
		"Snowdin-001"
	]
}