{
	"Room": "All",
	"X": 5.884583333333524,
	"Y": 91.39808333333326,
	"Revealed Rooms": [
		"Ruins-001",
		"Ruins-002",
		"Snowdin-001"
	]
}