{
	"Room": "All",
	"X": -178.8333333333334,
	"Y": 60.499999999999936,
	"Revealed Rooms": [
		"Ruins-001",
		"Ruins-002",
		"Snowdin-001"
	]
}