{
	"Room": "All",
	"X": -210.32374999999985,
	"Y": -17.81024999999994,
	"Revealed Rooms": [
		"Ruins-001",
		"Ruins-002",
		"Snowdin-001"
	]
}