{
	"Room": "All",
	"X": -164.03208333333305,
	"Y": 23.814750000000004,
	"Revealed Rooms": [
		"Ruins-001",
		"Ruins-002",
		"Snowdin-001"
	]
}