{
	"Room": "All",
	"X": -191.32374999999985,
	"Y": 14.06475000000006,
	"Revealed Rooms": [
		"Ruins-001",
		"Ruins-002",
		"Snowdin-001"
	]
}