{
	"Room": "All",
	"X": 33.91700000000017,
	"Y": 165.19949999999997,
	"Revealed Rooms": [
		"Ruins-001",
		"Ruins-002",
		"Snowdin-001"
	]
}