{
	"Room": "All",
	"X": -228.83166666666676,
	"Y": -7.124999999999915,
	"Revealed Rooms": [
		"Ruins-001",
		"Ruins-002",
		"Snowdin-001"
	]
}