{
	"Room": "All",
	"X": -110.78208333333316,
	"Y": 2.939749999999947,
	"Revealed Rooms": [
		"Ruins-001",
		"Ruins-002",
		"Snowdin-001"
	]
}